ConfigHash,CommitSHA,Seed,Condition,Acyclic,RootReachable,OrphanCount,DuplicateBridgeCount,LeafCount,BridgeCount,BridgeRatio,TotalNodes,ResidualCount,WeightedLeafPurity,DendrogramPurity,SphericalSilhouette,TotalDasguptaCost,NormalisedSackinIndex,SourceA_Count,SourceB_Count,RoutingECE,BrierScore,AvgMatchCount,NoMatchRate,MaxAssignmentCapRate,Top1Accuracy,AnyMatchAccuracy,MacroF1,BorderlineRate,SoftDegreeMean,EntropyGuardRate,SoftEffSampleSize,CrossAnchorMigrationRate,CanonicalAdaptedJaccard,CanonicalAdaptedSymDiffMass,RhoCanonicalHard,RhoAdaptedHard,RhoAdaptedSoft,DeltaRhoGeom,DeltaRhoSoft,DeltaRhoTotal,SmallLeafFraction,KappaShrinkageMean,SelectedNodeP10QueryCount,SelectedNodeStarvedLeafFraction,SelectedNodeLeafBalanceEntropy,SourceBBridgeCount,SourceBDepth2Count,SourceBPerAnchorMean,BridgeStabilityScore
0ae978b3,1590b0ab79cfb7e2d830534a1022d4b2babf449c,42,MAIN,true,true,0,0,104,0,0.0000,167,0,0.7339479043841783,0.47206131304810656,0.1205050268486247,6.5472097872402466E10,3.326923076923077,0,0,0.19958623636181572,0.48018831187914107,1.1531808035714286,0.0,0.0,0.7419084821428571,0.7606026785714286,0.7254274954558186,0.14927455357142858,2.0261682242990653,0.6822429906542056,3708.577822982945,0.25809151785714285,0.07646153846153847,0.9235384615384615,0.0,0.0,0.0,0.0,0.0,0.0,0.0,0.0,42.0,0.0,4.446026193768938,0,0,0.0,NA
0ae978b3,1590b0ab79cfb7e2d830534a1022d4b2babf449c,42,KMEANS_BASELINE,true,true,0,0,104,0,0.0000,105,0,0.7585677749360614,0.14420050443100668,0.1143274366341948,2.4521005765641045E10,1.0,0,0,0.24775427412344253,0.49550854824688495,1.0,0.0,0.0,0.7505580357142857,0.7505580357142857,0.7318459530986571,0.0,0.0,0.0,3584.0,0.24944196428571427,0.0862655469331349,0.9137344530668651,0.0,0.0,0.0,0.0,0.0,0.0,0.0,0.0,30.0,0.0,4.570307206254005,0,0,0.0,NA
0ae978b3,1590b0ab79cfb7e2d830534a1022d4b2babf449c,42,WARD_BASELINE,true,true,0,0,104,0,0.0000,105,0,0.7437340153452685,0.14613417773287132,0.11648770990244253,2.4491593618993893E10,1.0,0,0,0.8722109533468559,1.7444219066937119,1.0,0.0,0.0,0.12723214285714285,0.12723214285714285,0.09249035666499128,0.0,0.0,0.0,3584.0,0.8727678571428571,0.0,1.0,0.0,0.0,0.0,0.0,0.0,0.0,0.0,0.0,25.0,0.0,4.548588318791628,0,0,0.0,NA
0ae978b3,1590b0ab79cfb7e2d830534a1022d4b2babf449c,42,RANDOMNULL_BASELINE,true,true,0,0,104,0,0.0000,167,0,0.1514066496163683,0.08592250520372396,0.009936450414101235,2.294743376300065E10,3.326923076923077,0,0,0.5054448215754315,1.0731717023702267,0.40234375,0.7762276785714286,0.0,0.03236607142857143,0.04631696428571429,0.036445780720058794,0.177734375,2.061224489795918,0.8665620094191523,3646.5343601962554,0.19084821428571427,0.0,1.0,0.0,0.0,0.0,0.0,0.0,0.0,0.0,0.0,42.0,0.0,4.446026193768938,0,0,0.0,NA
0ae978b3,1590b0ab79cfb7e2d830534a1022d4b2babf449c,137,MAIN,true,true,0,0,72,0,0.0000,111,0,0.7235639686684073,0.45308972530122454,0.11138340737238983,6.524048390566008E10,2.9583333333333335,0,0,0.5198321192546118,1.0277964754393056,0.21396772398441846,0.8158041179744018,0.0,0.053144129104062326,0.053144129104062326,0.047837209240433394,0.1775180856983862,2.043887147335423,0.8526645768025078,3663.4229811861715,0.11407902058987202,0.0,1.0,0.0,0.0,0.0,0.0,0.0,0.0,0.0,0.0,43.0,0.0,4.0389061716529016,0,0,0.0,NA
0ae978b3,1590b0ab79cfb7e2d830534a1022d4b2babf449c,137,KMEANS_BASELINE,true,true,0,0,72,0,0.0000,73,0,0.7370490682167892,0.1698039193831969,0.10856414992885742,2.3886466018956207E10,1.0,0,0,0.2533488642981945,0.5066977285963891,1.0,0.0,0.0,0.7456872565386756,0.7456872565386756,0.7203969894038639,0.0,0.0,0.0,3594.0,0.25431274346132443,0.10518518518518519,0.8948148148148148,0.0,0.0,0.0,0.0,0.0,0.0,0.0,0.0,40.0,0.0,4.190751757312387,0,0,0.0,NA
0ae978b3,1590b0ab79cfb7e2d830534a1022d4b2babf449c,137,WARD_BASELINE,true,true,0,0,72,0,0.0000,73,0,0.7331167720977945,0.17525207344979093,0.105898447521105,2.4149054318984993E10,1.0,0,0,0.9170064065230052,1.8340128130460105,1.0,0.0,0.0,0.08041179744017807,0.08041179744017807,0.05949682896170631,0.0,0.0,0.0,3594.0,0.9195882025598219,0.0,1.0,0.0,0.0,0.0,0.0,0.0,0.0,0.0,0.0,32.0,0.0,4.132057871067988,0,0,0.0,NA
0ae978b3,1590b0ab79cfb7e2d830534a1022d4b2babf449c,137,RANDOMNULL_BASELINE,true,true,0,0,72,0,0.0000,111,0,0.1359206702000342,0.08572281501876877,0.00821358247176903,2.2715671617102406E10,2.9583333333333335,0,0,0.5731090230502748,1.1023700868886968,0.41096271563717307,0.7704507512520868,0.0,0.020589872008903727,0.028658875904284918,0.022743434267907422,0.17640511964385086,2.0741324921135647,0.8343848580441641,3671.031760516771,0.20756816917084028,0.0,1.0,0.0,0.0,0.0,0.0,0.0,0.0,0.0,0.0,43.0,0.0,4.0389061716529016,0,0,0.0,NA
0ae978b3,1590b0ab79cfb7e2d830534a1022d4b2babf449c,2048,MAIN,true,true,0,0,78,0,0.0000,122,0,0.7295890708012577,0.4650439663040692,0.115280114883661,6.5317446157532715E10,2.9358974358974357,0,0,0.2012498495919243,0.914835745196284,0.34944444444444445,0.7172222222222222,0.0,0.16777777777777778,0.16805555555555557,0.16833102819061127,0.17305555555555555,2.0834670947030496,0.8282504012841091,3678.3300038932325,0.09166666666666666,0.0,1.0,0.0,0.0,0.0,0.0,0.0,0.0,0.0,0.0,49.0,0.0,4.150683411818317,0,0,0.0,NA
0ae978b3,1590b0ab79cfb7e2d830534a1022d4b2babf449c,2048,KMEANS_BASELINE,true,true,0,0,78,0,0.0000,79,0,0.7375511596180082,0.16529781660003523,0.10978681259965939,2.42513975513863E10,1.0,0,0,0.29392971246006394,0.5878594249201278,1.0,0.0,0.0,0.7069444444444445,0.7069444444444445,0.6775318467119205,0.0,0.0,0.0,3600.0,0.29305555555555557,0.09309488674958424,0.9069051132504158,0.0,0.0,0.0,0.0,0.0,0.0,0.0,0.0,35.0,0.0,4.255090583967089,0,0,0.0,NA
0ae978b3,1590b0ab79cfb7e2d830534a1022d4b2babf449c,2048,WARD_BASELINE,true,true,0,0,78,0,0.0000,79,0,0.7455661664392906,0.17090840272615812,0.10939996497333407,2.434873977702177E10,1.0,0,0,0.9227417949462677,1.8454835898925355,1.0,0.0,0.0,0.07444444444444444,0.07444444444444444,0.08383622812010753,0.0,0.0,0.0,3600.0,0.9255555555555556,0.0,1.0,0.0,0.0,0.0,0.0,0.0,0.0,0.0,0.0,30.0,0.0,4.203125528228854,0,0,0.0,NA
0ae978b3,1590b0ab79cfb7e2d830534a1022d4b2babf449c,2048,RANDOMNULL_BASELINE,true,true,0,0,78,0,0.0000,122,0,0.13966575716234653,0.08601237317746346,0.008007967432991293,2.334207601014697E10,2.9358974358974357,0,0,0.5189564909725531,1.0878146973112883,0.4330555555555556,0.7533333333333333,0.0,0.03638888888888889,0.045,0.040502686414070746,0.18861111111111112,2.0427098674521353,0.8321060382916053,3683.5629357555777,0.2088888888888889,0.0,1.0,0.0,0.0,0.0,0.0,0.0,0.0,0.0,0.0,49.0,0.0,4.150683411818317,0,0,0.0,NA
0ae978b3,1590b0ab79cfb7e2d830534a1022d4b2babf449c,7,MAIN,true,true,0,0,63,0,0.0000,95,0,0.7256396298312466,0.4678871536352841,0.11483916951647646,6.394802384626118E10,2.7936507936507935,0,0,0.4127768052026895,1.007647481104216,0.26574202496532595,0.8030513176144244,0.0,0.06463245492371705,0.06490984743411927,0.08099304783975995,0.18723994452149792,2.04,0.8385185185185186,3685.3156014107476,0.11927877947295423,0.0,1.0,0.0,0.0,0.0,0.0,0.0,0.0,0.0,0.0,38.0,0.0,3.895560994090544,0,0,0.0,NA
0ae978b3,1590b0ab79cfb7e2d830534a1022d4b2babf449c,7,KMEANS_BASELINE,true,true,0,0,63,0,0.0000,64,0,0.7343110504774898,0.18096598386573703,0.10568126995513918,2.4366638297918938E10,1.0,0,0,0.2869916354196712,0.5739832708393424,1.0,0.0,0.0,0.715117891816921,0.715117891816921,0.6815791497802267,0.0,0.0,0.0,3605.0,0.2848821081830791,0.12933753943217666,0.8706624605678234,0.0,0.0,0.0,0.0,0.0,0.0,0.0,0.0,40.0,0.0,4.036381717872963,0,0,0.0,NA
0ae978b3,1590b0ab79cfb7e2d830534a1022d4b2babf449c,7,WARD_BASELINE,true,true,0,0,63,0,0.0000,64,0,0.7406207366984994,0.18699377372539186,0.10462878744814803,2.4241327027725113E10,1.0,0,0,0.9117392558407845,1.823478511681569,1.0,0.0,0.0,0.09431345353675451,0.09431345353675451,0.09657794305543908,0.0,0.0,0.0,3605.0,0.9056865464632455,0.0,1.0,0.0,0.0,0.0,0.0,0.0,0.0,0.0,0.0,46.0,0.0,4.009016509862935,0,0,0.0,NA
0ae978b3,1590b0ab79cfb7e2d830534a1022d4b2babf449c,7,RANDOMNULL_BASELINE,true,true,0,0,63,0,0.0000,95,0,0.13591405184174624,0.0856618985189463,0.008696500433005664,2.3044839080404118E10,2.7936507936507935,0,0,0.56227750945332,1.1483178819878126,0.6504854368932039,0.6416088765603328,0.0,0.03855755894590846,0.05131761442441054,0.04031953919518548,0.26879334257975035,2.1424148606811144,0.8617131062951496,3705.0461752559045,0.3187239944521498,0.0,1.0,0.0,0.0,0.0,0.0,0.0,0.0,0.0,0.0,38.0,0.0,3.895560994090544,0,0,0.0,NA
0ae978b3,1590b0ab79cfb7e2d830534a1022d4b2babf449c,31337,MAIN,true,true,0,0,76,0,0.0000,121,0,0.7362050163576881,0.4713067270789529,0.11943361882208604,6.506666577459843E10,3.1447368421052633,0,0,0.4838873188418836,1.0679056033197494,0.359632004460552,0.7354335098968497,0.0,0.053805408419291885,0.053805408419291885,0.060852357732615284,0.26317256760524116,2.1504237288135593,0.8485169491525424,3694.4980693399866,0.1820462782269306,0.0,1.0,0.0,0.0,0.0,0.0,0.0,0.0,0.0,0.0,45.0,0.0,4.078847221460116,0,0,0.0,NA
0ae978b3,1590b0ab79cfb7e2d830534a1022d4b2babf449c,31337,KMEANS_BASELINE,true,true,0,0,76,0,0.0000,77,0,0.7589682268534336,0.16837390778243783,0.10982671986041899,2.424630957321122E10,1.0,0,0,0.2558072009291521,0.5116144018583043,1.0,0.0,0.0,0.7437970448843044,0.7437970448843044,0.7228089296811572,0.0,0.0,0.0,3587.0,0.2562029551156956,0.10444159668448032,0.8955584033155197,0.0,0.0,0.0,0.0,0.0,0.0,0.0,0.0,39.0,0.0,4.234864840208116,0,0,0.0,NA
0ae978b3,1590b0ab79cfb7e2d830534a1022d4b2babf449c,31337,WARD_BASELINE,true,true,0,0,76,0,0.0000,77,0,0.7569183464297916,0.1702924696918279,0.10827021518024318,2.4241537191360435E10,1.0,0,0,0.9279907084785134,1.8559814169570268,1.0,0.0,0.0,0.0719264008921104,0.0719264008921104,0.0629582258605413,0.0,0.0,0.0,3587.0,0.9280735991078896,0.0,1.0,0.0,0.0,0.0,0.0,0.0,0.0,0.0,0.0,33.0,0.0,4.213990268036446,0,0,0.0,NA
0ae978b3,1590b0ab79cfb7e2d830534a1022d4b2babf449c,31337,RANDOMNULL_BASELINE,true,true,0,0,76,0,0.0000,121,0,0.14366245302357364,0.0852129633660492,0.009155763002030564,2.2871279558137726E10,3.1447368421052633,0,0,0.6286032893230135,1.144346708061,0.4881516587677725,0.7187064399219404,0.0,0.016727069974909393,0.02313911346529133,0.015910219363378598,0.20183997769724005,2.0455801104972378,0.81353591160221,3686.2527371311844,0.2628937831056593,0.0,1.0,0.0,0.0,0.0,0.0,0.0,0.0,0.0,0.0,45.0,0.0,4.078847221460116,0,0,0.0,NA
