run_id,config_path,output_dir,config_sha256,stage,seed,proposalSeparationBar,descentMargin,minClusterSize,membershipFloor,ConfigHash,CommitSHA,Seed,Condition,Acyclic,RootReachable,OrphanCount,DuplicateBridgeCount,LeafCount,BridgeCount,BridgeRatio,TotalNodes,ResidualCount,WeightedLeafPurity,DendrogramPurity,SphericalSilhouette,TotalDasguptaCost,NormalisedSackinIndex,SourceA_Count,SourceB_Count,RoutingECE,BrierScore,AvgMatchCount,NoMatchRate,MaxAssignmentCapRate,Top1Accuracy,AnyMatchAccuracy,MacroF1,BorderlineRate,SoftDegreeMean,EntropyGuardRate,SoftEffSampleSize,CrossAnchorMigrationRate,CanonicalAdaptedJaccard,CanonicalAdaptedSymDiffMass,RhoCanonicalHard,RhoAdaptedHard,RhoAdaptedSoft,DeltaRhoGeom,DeltaRhoSoft,DeltaRhoTotal,SmallLeafFraction,KappaShrinkageMean,SelectedNodeP10QueryCount,SelectedNodeStarvedLeafFraction,SelectedNodeLeafBalanceEntropy,SourceBBridgeCount,SourceBDepth2Count,SourceBPerAnchorMean,BridgeStabilityScore
L9_001_seed42,tuning/runs/L9_001_seed42/config.toml,tuning/runs/L9_001_seed42/output,a37411017ba0facaa247a72dc0edc9f2e9faa8572244ce10507e2fac9ff3e63e,screen,42,0.01,0.06,25,0.15,20a6af11,334b95d395a39d6f92981f34ef2ad950cd27302e,42,MAIN,true,true,0,0,106,0,0.0000,158,0,0.7162832209440698,0.46819382026332473,0.11275018644624756,6.569351800898109E10,3.0,0,0,0.18314280871691443,0.47473299762053867,1.291015625,2.7901785714285713E-4,0.0,0.7374441964285714,0.7709263392857143,0.7188127480190353,0.24665178571428573,2.180995475113122,0.40497737556561086,3959.585057370448,0.2622767857142857,0.06813654618473897,0.931863453815261,0.0,0.0,0.0,0.0,0.0,0.0,0.03773584905660377,0.9872337991948081,35.0,0.0,4.437886804283561,0,0,0.0,NA
L9_002_seed42,tuning/runs/L9_002_seed42/config.toml,tuning/runs/L9_002_seed42/output,5cc328f6e80b208db1522cda1c64f2efd62fdb0fe3ca7745ff3b5ee178e29ade,screen,42,0.02,0.06,30,0.25,aa3237b9,334b95d395a39d6f92981f34ef2ad950cd27302e,42,MAIN,true,true,0,0,107,1,0.0060,168,0,0.7313192129878507,0.46121637766716217,0.12339226307161269,6.509845649009715E10,3.2336448598130842,1,0,0.20707363007909782,0.49630436537378414,1.1481584821428572,5.580357142857143E-4,0.0,0.7354910714285714,0.7536272321428571,0.7219994999008655,0.14620535714285715,2.017175572519084,0.7156488549618321,3692.8915545897366,0.26395089285714285,0.06598984771573604,0.934010152284264,0.0,0.0,0.0,0.0,0.0,0.0,0.0,0.0,38.0,0.0,4.493445480877872,0,0,0.0,NA
L9_003_seed42,tuning/runs/L9_003_seed42/config.toml,tuning/runs/L9_003_seed42/output,4e5daeb49f455c86da2085c37dc40494f936bc41cc514f76cb9f47ae2a863cb4,screen,42,0.03,0.06,35,0.35,37f6e756,334b95d395a39d6f92981f34ef2ad950cd27302e,42,MAIN,true,true,0,0,51,0,0.0000,83,0,0.7309019788311091,0.46669257523781,0.11933409695027081,6.523558743713943E10,2.9607843137254903,0,0,0.2493613779022474,0.5264883899534254,1.0446428571428572,0.0,0.0,0.7301897321428571,0.7368861607142857,0.7078970445897597,0.044642857142857144,2.0,1.0,3584.0,0.26981026785714285,0.14960629921259844,0.8503937007874016,0.0,0.0,0.0,0.0,0.0,0.0,0.0,0.0,58.0,0.0,3.648178084050524,0,0,0.0,NA
L9_004_seed42,tuning/runs/L9_004_seed42/config.toml,tuning/runs/L9_004_seed42/output,c80b154abf94363f91258d2fd6c9ed1c89d2ae7152ba3e720dbb13e9323a29f8,screen,42,0.03,0.12,30,0.15,afb25e94,334b95d395a39d6f92981f34ef2ad950cd27302e,42,MAIN,true,true,0,0,41,0,0.0000,61,0,0.7121652480797177,0.4649903186690043,0.11678914041690334,6.5401715269084724E10,2.4146341463414633,0,0,0.20937275199167812,0.4780068586952213,1.1721540178571428,0.0,0.0,0.7391183035714286,0.7712053571428571,0.7196121880703664,0.15513392857142858,2.1097122302158273,0.3669064748201439,3818.191154991826,0.26088169642857145,0.19791666666666666,0.8020833333333334,0.0,0.0,0.0,0.0,0.0,0.0,0.0,0.0,62.0,0.0,3.484564334502518,0,0,0.0,NA
L9_005_seed42,tuning/runs/L9_005_seed42/config.toml,tuning/runs/L9_005_seed42/output,f80e2aa358be0fd436200ca9f0ba432a41305a795abe1c7038601d8635db3456,screen,42,0.01,0.12,35,0.25,c3efda2e,334b95d395a39d6f92981f34ef2ad950cd27302e,42,MAIN,true,true,0,0,88,0,0.0000,132,0,0.7248517520215634,0.47008481442121924,0.11132718621543128,6.55831081846949E10,2.852272727272727,0,0,0.22451917559392257,0.5188067371751396,1.1422991071428572,0.0,0.0,0.7271205357142857,0.7416294642857143,0.7081497390595082,0.13727678571428573,2.0365853658536586,0.6951219512195121,3691.3919169575347,0.2728794642857143,0.08996984924623116,0.9100301507537688,0.0,0.0,0.0,0.0,0.0,0.0,0.0,0.0,48.0,0.0,4.273102928732539,0,0,0.0,NA
L9_006_seed42,tuning/runs/L9_006_seed42/config.toml,tuning/runs/L9_006_seed42/output,1d72fb3e00ecc14eebc6e767611f2d3fb1ecb3a7d372f7081994162a1716f344,screen,42,0.02,0.12,25,0.35,a216836f,334b95d395a39d6f92981f34ef2ad950cd27302e,42,MAIN,true,true,0,0,91,1,0.0070,143,0,0.7407067462138596,0.46518207933913847,0.12705232378050332,6.5133489174202484E10,3.120879120879121,1,0,0.24525028359603607,0.5133756645013124,1.0583147321428572,0.0,0.0,0.7374441964285714,0.7444196428571429,0.7190740224853622,0.058314732142857144,2.0,1.0,3584.0,0.26255580357142855,0.07575757575757576,0.9242424242424242,0.0,0.0,0.0,0.0,0.0,0.0,0.03296703296703297,1.821476869426899,32.0,0.0,4.2217077238705425,0,0,0.0,NA
L9_007_seed42,tuning/runs/L9_007_seed42/config.toml,tuning/runs/L9_007_seed42/output,b4dd7620014ec8f93f9a429affd041c7ad23326ae9966232b8deca41d5890755,screen,42,0.02,0.18,35,0.15,ea75fc34,334b95d395a39d6f92981f34ef2ad950cd27302e,42,MAIN,true,true,0,0,98,2,0.0130,154,0,0.7179942749975323,0.4500522360001379,0.11110514422471811,6.5211647664279175E10,3.13265306122449,2,0,0.17993674807095666,0.46760049726768455,1.2974330357142858,0.0,0.0,0.7413504464285714,0.7726004464285714,0.7221939276043496,0.2513950892857143,2.183129855715871,0.41287458379578246,3961.06698069313,0.25864955357142855,0.07537688442211055,0.9246231155778895,0.0,0.0,0.0,0.0,0.0,0.0,0.01020408163265306,2.365726071128373,54.0,0.0,4.42144548229063,0,0,0.0,NA
L9_008_seed42,tuning/runs/L9_008_seed42/config.toml,tuning/runs/L9_008_seed42/output,86ff50170933ba6ef3ac5188f03e1eecbdff856847fbcfd17705078ebdf9d37d,screen,42,0.03,0.18,25,0.25,c89ca575,334b95d395a39d6f92981f34ef2ad950cd27302e,42,MAIN,true,true,0,0,56,0,0.0000,91,0,0.7243617957746479,0.46626639302701434,0.12027813033523924,6.52384408448774E10,3.0714285714285716,0,0,0.22512284985277403,0.5034682350393725,1.1085379464285714,0.0,0.0,0.7327008928571429,0.7508370535714286,0.7127400788351591,0.10602678571428571,2.0236842105263158,0.65,3681.1781854708047,0.26729910714285715,0.13331518096514744,0.8666848190348526,0.0,0.0,0.0,0.0,0.0,0.0,0.0,0.0,36.0,0.0,3.69136139708127,0,0,0.0,NA
L9_009_seed42,tuning/runs/L9_009_seed42/config.toml,tuning/runs/L9_009_seed42/output,09a131552ae56771be9910af551b6966119726b855c1ba0b04bafdcc99fecd3e,screen,42,0.01,0.18,30,0.35,d8a0fa1a,334b95d395a39d6f92981f34ef2ad950cd27302e,42,MAIN,true,true,0,0,91,0,0.0000,137,0,0.742369020501139,0.469451573551495,0.1220153749649325,6.5074964121319084E10,2.923076923076923,0,0,0.24177028238003268,0.5123678034572813,1.0630580357142858,0.0,0.0,0.7366071428571429,0.7419084821428571,0.7182913460539396,0.06305803571428571,2.0,1.0,3584.0,0.26339285714285715,0.08823529411764706,0.9117647058823529,0.0,0.0,0.0,0.0,0.0,0.0,0.0,0.0,43.0,0.0,4.3046320061912695,0,0,0.0,NA
